Date,Content
2019-01-26,https://boxd.it/Apc0
2020-10-25,https://boxd.it/2o2jG
2020-11-22,https://boxd.it/96ms6
2021-03-28,https://boxd.it/1ohU4
2021-03-28,https://boxd.it/9mkoI
2021-06-27,https://boxd.it/GRJ4
2021-10-05,https://boxd.it/2oW7w
2022-01-03,https://boxd.it/2BGS
2022-01-27,https://boxd.it/8yOG
2022-05-12,https://boxd.it/ehJZO
2022-05-12,https://boxd.it/dmxI
2022-05-12,https://boxd.it/BEDs
2022-05-12,https://boxd.it/dmwg
2022-05-12,https://boxd.it/blJ4E
2022-05-28,https://boxd.it/cvoS
2022-05-28,https://boxd.it/1djlo
2022-06-01,https://boxd.it/dJ7kK
2023-04-28,https://boxd.it/m7k7k
2023-07-26,https://boxd.it/e8d2
2023-07-28,https://boxd.it/bQMLI
2023-07-28,https://boxd.it/H3qo
2023-07-28,https://boxd.it/koww
2023-07-28,https://boxd.it/KOrk
2023-07-29,https://boxd.it/2tXG
2023-07-29,https://boxd.it/hKAaW
2023-07-29,https://boxd.it/fj0U
2023-08-03,https://boxd.it/h3RM8
2023-08-03,https://boxd.it/1KrmA
2023-08-05,https://boxd.it/7nG3G
2023-11-29,https://boxd.it/3IC0E
2023-11-29,https://boxd.it/ql6M
2023-12-01,https://boxd.it/qjyas
2023-12-05,https://boxd.it/bo1U
2024-01-05,https://boxd.it/7jLA
2024-01-05,https://boxd.it/p0iA
2024-01-05,https://boxd.it/pDmkw
2024-01-05,https://boxd.it/83vQQ
2024-01-05,https://boxd.it/alSlg
2024-01-07,https://boxd.it/3Odto
2024-01-25,https://boxd.it/4fWb4
2024-01-25,https://boxd.it/53wNG
2024-01-26,https://boxd.it/cUABy
2024-02-03,https://boxd.it/skB80
2024-02-15,https://boxd.it/etXA
2024-03-17,https://boxd.it/32S1a
2024-04-06,https://boxd.it/sYJha
2024-04-06,https://boxd.it/q7dSE
2024-04-06,https://boxd.it/q7EKs
2024-04-27,https://boxd.it/bAS2M
2024-04-28,https://boxd.it/mqKk
2024-05-09,https://boxd.it/pInR2
2024-05-09,https://boxd.it/uPaze
2024-05-14,https://boxd.it/eWejY
2024-05-20,https://boxd.it/1iukc
2024-05-20,https://boxd.it/3WSay
2024-05-26,https://boxd.it/17cL8
2024-06-08,https://boxd.it/2DnZS
2024-06-08,https://boxd.it/aJd1M
2024-06-08,https://boxd.it/pzswg
2024-06-14,https://boxd.it/1UQBK
2024-07-23,https://boxd.it/el5xS
2024-08-02,https://boxd.it/pV1Qs
2024-08-02,https://boxd.it/pUdmi
2024-08-02,https://boxd.it/lvtci
2024-08-02,https://boxd.it/gSLle
2024-08-02,https://boxd.it/v4aVk
2024-08-02,https://boxd.it/kU2du
2024-08-02,https://boxd.it/5QPbY
2024-08-19,https://boxd.it/17rWU
2024-08-19,https://boxd.it/c8d1Q
2024-08-20,https://boxd.it/are2U
2024-08-21,https://boxd.it/2Qq4Q
2024-10-07,https://boxd.it/1Fvao
2024-10-07,https://boxd.it/bJ0nO
2024-10-09,https://boxd.it/gSVCY
2024-10-11,https://boxd.it/vI1cU
2024-11-01,https://boxd.it/dZMOo
2025-02-20,https://boxd.it/bWIJA
2025-02-20,https://boxd.it/lyh2G
2025-03-31,https://boxd.it/bxSSi
2025-03-31,https://boxd.it/qFuZ6
2025-04-11,https://boxd.it/4kQwU
2025-04-11,https://boxd.it/mUyt8
2025-04-24,https://boxd.it/G1ICY
2025-07-11,https://boxd.it/AvKfI
2025-08-29,https://boxd.it/b3G7a
